name,label
Dresden/00000045.jpg,Dresden
Dresden/00000047.jpg,Dresden
Dresden/00000195.jpg,Dresden
Dresden/00000132.jpg,Dresden
Dresden/00000084.jpg,Dresden
Dresden/00000029.jpg,Dresden
Dresden/00000043.jpg,Dresden
Dresden/00000063.jpg,Dresden
Dresden/00000067.jpg,Dresden
Dresden/00000065.jpg,Dresden
Dresden/00000046.jpg,Dresden
Dresden/00000166.jpg,Dresden
Dresden/00000004.jpg,Dresden
Dresden/00000057.jpg,Dresden
Dresden/00000016.jpg,Dresden
Dresden/00000081.jpg,Dresden
Dresden/00000000.jpg,Dresden
Dresden/00000032.jpg,Dresden
Dresden/00000190.jpg,Dresden
Dresden/00000082.jpg,Dresden
Dresden/00000035.jpg,Dresden
Dresden/00000007.jpg,Dresden
Dresden/00000019.jpg,Dresden
Dresden/00000170.jpg,Dresden
Dresden/00000018.jpg,Dresden
Dresden/00000199.jpg,Dresden
Dresden/00000189.jpg,Dresden
Dresden/00000122.jpg,Dresden
Dresden/00000027.jpg,Dresden
Dresden/00000009.jpg,Dresden
Dresden/00000144.jpg,Dresden
Dresden/00000024.jpg,Dresden
Dresden/00000083.jpg,Dresden
Dresden/00000087.jpg,Dresden
Dresden/00000181.jpg,Dresden
Dresden/00000176.jpg,Dresden
Dresden/00000023.jpg,Dresden
Dresden/00000152.jpg,Dresden
Dresden/00000060.jpg,Dresden
Dresden/00000091.jpg,Dresden
Dresden/00000095.jpg,Dresden
Dresden/00000135.jpg,Dresden
Dresden/00000077.jpg,Dresden
Dresden/00000141.jpg,Dresden
Dresden/00000056.jpg,Dresden
Dresden/00000048.jpg,Dresden
Dresden/00000124.jpg,Dresden
Dresden/00000034.jpg,Dresden
Dresden/00000058.jpg,Dresden
Dresden/00000012.jpg,Dresden
Dresden/00000193.jpg,Dresden
Dresden/00000156.jpg,Dresden
Dresden/00000090.jpg,Dresden
Dresden/00000037.jpg,Dresden
Dresden/00000053.jpg,Dresden
Dresden/00000066.jpg,Dresden
Dresden/00000136.jpg,Dresden
Dresden/00000148.jpg,Dresden
Dresden/00000092.jpg,Dresden
Dresden/00000022.jpg,Dresden
Dresden/00000192.jpg,Dresden
Dresden/00000021.jpg,Dresden
Dresden/00000074.jpg,Dresden
Dresden/00000071.jpg,Dresden
Dresden/00000159.jpg,Dresden
Dresden/00000011.jpg,Dresden
Dresden/00000153.jpg,Dresden
Dresden/00000061.jpg,Dresden
Dresden/00000038.jpg,Dresden
Dresden/00000129.jpg,Dresden
Dresden/00000149.jpg,Dresden
Dresden/00000010.jpg,Dresden
Dresden/00000194.jpg,Dresden
Dresden/00000184.jpg,Dresden
Dresden/00000185.jpg,Dresden
Dresden/00000025.jpg,Dresden
Dresden/00000064.jpg,Dresden
Dresden/00000165.jpg,Dresden
Dresden/00000039.jpg,Dresden
Dresden/00000145.jpg,Dresden
Dresden/00000072.jpg,Dresden
Dresden/00000126.jpg,Dresden
Dresden/00000171.jpg,Dresden
Dresden/00000044.jpg,Dresden
Dresden/00000174.jpg,Dresden
Dresden/00000188.jpg,Dresden
Dresden/00000134.jpg,Dresden
Dresden/00000002.jpg,Dresden
Dresden/00000013.jpg,Dresden
Dresden/00000073.jpg,Dresden
Dresden/00000014.jpg,Dresden
Dresden/00000030.jpg,Dresden
Dresden/00000094.jpg,Dresden
Dresden/00000075.jpg,Dresden
Dresden/00000158.jpg,Dresden
Dresden/00000076.jpg,Dresden
Dresden/00000069.jpg,Dresden
Dresden/00000097.jpg,Dresden
Dresden/00000186.jpg,Dresden
Dresden/00000191.jpg,Dresden
Dresden/00000133.jpg,Dresden
Dresden/00000162.jpg,Dresden
Dresden/00000093.jpg,Dresden
Dresden/00000033.jpg,Dresden
Dresden/00000001.jpg,Dresden
Dresden/00000154.jpg,Dresden
Dresden/00000054.jpg,Dresden
Dresden/00000155.jpg,Dresden
Dresden/00000196.jpg,Dresden
Dresden/00000180.jpg,Dresden
Dresden/00000121.jpg,Dresden
Dresden/00000042.jpg,Dresden
Dresden/00000062.jpg,Dresden
Dresden/00000127.jpg,Dresden
Dresden/00000139.jpg,Dresden
Dresden/00000006.jpg,Dresden
Dresden/00000015.jpg,Dresden
Dresden/00000128.jpg,Dresden
Dresden/00000028.jpg,Dresden
Dresden/00000175.jpg,Dresden
Dresden/00000197.jpg,Dresden
Dresden/00000125.jpg,Dresden
Dresden/00000080.jpg,Dresden
Dresden/00000183.jpg,Dresden
Dresden/00000173.jpg,Dresden
Dresden/00000182.jpg,Dresden
Dresden/00000041.jpg,Dresden
Dresden/00000172.jpg,Dresden
Dresden/00000086.jpg,Dresden
Dresden/00000179.jpg,Dresden
Dresden/00000130.jpg,Dresden
Dresden/00000178.jpg,Dresden
Dresden/00000143.jpg,Dresden
Dresden/00000088.jpg,Dresden
Dresden/00000161.jpg,Dresden
Dresden/00000049.jpg,Dresden
Dresden/00000003.jpg,Dresden
Dresden/00000026.jpg,Dresden
Dresden/00000068.jpg,Dresden
Dresden/00000147.jpg,Dresden
Dresden/00000160.jpg,Dresden
Dresden/00000079.jpg,Dresden
Dresden/00000017.jpg,Dresden
Dresden/00000036.jpg,Dresden
Dresden/00000168.jpg,Dresden
Dresden/00000099.jpg,Dresden
Dresden/00000169.jpg,Dresden
Dresden/00000187.jpg,Dresden
Dresden/00000055.jpg,Dresden
Dresden/00000050.jpg,Dresden
Dresden/00000164.jpg,Dresden
Dresden/00000085.jpg,Dresden
Dresden/00000089.jpg,Dresden
Dresden/00000120.jpg,Dresden
Dresden/00000059.jpg,Dresden
Dresden/00000146.jpg,Dresden
Dresden/00000020.jpg,Dresden
Dresden/00000198.jpg,Dresden
Dresden/00000070.jpg,Dresden
Dresden/00000052.jpg,Dresden
Dresden/00000051.jpg,Dresden
Dresden/00000151.jpg,Dresden
Dresden/00000138.jpg,Dresden
Dresden/00000008.jpg,Dresden
Dresden/00000140.jpg,Dresden
Dresden/00000031.jpg,Dresden
Dresden/00000005.jpg,Dresden
Dresden/00000167.jpg,Dresden
Dresden/00000096.jpg,Dresden
Dresden/00000040.jpg,Dresden
Dresden/00000142.jpg,Dresden
Dresden/00000137.jpg,Dresden
Dresden/00000150.jpg,Dresden
Dresden/00000163.jpg,Dresden
Dresden/00000157.jpg,Dresden
Dresden/00000078.jpg,Dresden
Dresden/00000131.jpg,Dresden
Dresden/00000123.jpg,Dresden
Dresden/00000098.jpg,Dresden
Dresden/00000177.jpg,Dresden
Munich/00000045.jpg,Munich
Munich/00000047.jpg,Munich
Munich/00000195.jpg,Munich
Munich/00000132.jpg,Munich
Munich/00000084.jpg,Munich
Munich/00000029.jpg,Munich
Munich/00000043.jpg,Munich
Munich/00000063.jpg,Munich
Munich/00000067.jpg,Munich
Munich/00000065.jpg,Munich
Munich/00000046.jpg,Munich
Munich/00000166.jpg,Munich
Munich/00000004.jpg,Munich
Munich/00000057.jpg,Munich
Munich/00000016.jpg,Munich
Munich/00000081.jpg,Munich
Munich/00000000.jpg,Munich
Munich/00000032.jpg,Munich
Munich/00000190.jpg,Munich
Munich/00000082.jpg,Munich
Munich/00000035.jpg,Munich
Munich/00000007.jpg,Munich
Munich/00000019.jpg,Munich
Munich/00000170.jpg,Munich
Munich/00000018.jpg,Munich
Munich/00000199.jpg,Munich
Munich/00000189.jpg,Munich
Munich/00000122.jpg,Munich
Munich/00000027.jpg,Munich
Munich/00000009.jpg,Munich
Munich/00000144.jpg,Munich
Munich/00000024.jpg,Munich
Munich/00000083.jpg,Munich
Munich/00000087.jpg,Munich
Munich/00000181.jpg,Munich
Munich/00000176.jpg,Munich
Munich/00000023.jpg,Munich
Munich/00000152.jpg,Munich
Munich/00000060.jpg,Munich
Munich/00000091.jpg,Munich
Munich/00000095.jpg,Munich
Munich/00000135.jpg,Munich
Munich/00000077.jpg,Munich
Munich/00000141.jpg,Munich
Munich/00000056.jpg,Munich
Munich/00000048.jpg,Munich
Munich/00000124.jpg,Munich
Munich/00000034.jpg,Munich
Munich/00000058.jpg,Munich
Munich/00000012.jpg,Munich
Munich/00000193.jpg,Munich
Munich/00000156.jpg,Munich
Munich/00000090.jpg,Munich
Munich/00000037.jpg,Munich
Munich/00000053.jpg,Munich
Munich/00000066.jpg,Munich
Munich/00000136.jpg,Munich
Munich/00000148.jpg,Munich
Munich/00000092.jpg,Munich
Munich/00000022.jpg,Munich
Munich/00000192.jpg,Munich
Munich/00000021.jpg,Munich
Munich/00000074.jpg,Munich
Munich/00000071.jpg,Munich
Munich/00000159.jpg,Munich
Munich/00000011.jpg,Munich
Munich/00000153.jpg,Munich
Munich/00000061.jpg,Munich
Munich/00000038.jpg,Munich
Munich/00000129.jpg,Munich
Munich/00000149.jpg,Munich
Munich/00000010.jpg,Munich
Munich/00000194.jpg,Munich
Munich/00000184.jpg,Munich
Munich/00000185.jpg,Munich
Munich/00000025.jpg,Munich
Munich/00000064.jpg,Munich
Munich/00000165.jpg,Munich
Munich/00000039.jpg,Munich
Munich/00000145.jpg,Munich
Munich/00000072.jpg,Munich
Munich/00000126.jpg,Munich
Munich/00000171.jpg,Munich
Munich/00000044.jpg,Munich
Munich/00000174.jpg,Munich
Munich/00000188.jpg,Munich
Munich/00000134.jpg,Munich
Munich/00000002.jpg,Munich
Munich/00000013.jpg,Munich
Munich/00000073.jpg,Munich
Munich/00000014.jpg,Munich
Munich/00000030.jpg,Munich
Munich/00000094.jpg,Munich
Munich/00000075.jpg,Munich
Munich/00000158.jpg,Munich
Munich/00000076.jpg,Munich
Munich/00000069.jpg,Munich
Munich/00000097.jpg,Munich
Munich/00000186.jpg,Munich
Munich/00000191.jpg,Munich
Munich/00000133.jpg,Munich
Munich/00000162.jpg,Munich
Munich/00000093.jpg,Munich
Munich/00000033.jpg,Munich
Munich/00000001.jpg,Munich
Munich/00000154.jpg,Munich
Munich/00000054.jpg,Munich
Munich/00000155.jpg,Munich
Munich/00000196.jpg,Munich
Munich/00000180.jpg,Munich
Munich/00000121.jpg,Munich
Munich/00000042.jpg,Munich
Munich/00000062.jpg,Munich
Munich/00000127.jpg,Munich
Munich/00000139.jpg,Munich
Munich/00000006.jpg,Munich
Munich/00000015.jpg,Munich
Munich/00000128.jpg,Munich
Munich/00000028.jpg,Munich
Munich/00000175.jpg,Munich
Munich/00000197.jpg,Munich
Munich/00000125.jpg,Munich
Munich/00000080.jpg,Munich
Munich/00000183.jpg,Munich
Munich/00000173.jpg,Munich
Munich/00000182.jpg,Munich
Munich/00000041.jpg,Munich
Munich/00000172.jpg,Munich
Munich/00000086.jpg,Munich
Munich/00000179.jpg,Munich
Munich/00000130.jpg,Munich
Munich/00000178.jpg,Munich
Munich/00000143.jpg,Munich
Munich/00000088.jpg,Munich
Munich/00000161.jpg,Munich
Munich/00000049.jpg,Munich
Munich/00000003.jpg,Munich
Munich/00000026.jpg,Munich
Munich/00000068.jpg,Munich
Munich/00000147.jpg,Munich
Munich/00000160.jpg,Munich
Munich/00000079.jpg,Munich
Munich/00000017.jpg,Munich
Munich/00000036.jpg,Munich
Munich/00000168.jpg,Munich
Munich/00000099.jpg,Munich
Munich/00000169.jpg,Munich
Munich/00000187.jpg,Munich
Munich/00000055.jpg,Munich
Munich/00000050.jpg,Munich
Munich/00000164.jpg,Munich
Munich/00000085.jpg,Munich
Munich/00000089.jpg,Munich
Munich/00000120.jpg,Munich
Munich/00000059.jpg,Munich
Munich/00000146.jpg,Munich
Munich/00000020.jpg,Munich
Munich/00000198.jpg,Munich
Munich/00000070.jpg,Munich
Munich/00000052.jpg,Munich
Munich/00000051.jpg,Munich
Munich/00000151.jpg,Munich
Munich/00000138.jpg,Munich
Munich/00000008.jpg,Munich
Munich/00000140.jpg,Munich
Munich/00000031.jpg,Munich
Munich/00000005.jpg,Munich
Munich/00000167.jpg,Munich
Munich/00000096.jpg,Munich
Munich/00000040.jpg,Munich
Munich/00000142.jpg,Munich
Munich/00000137.jpg,Munich
Munich/00000150.jpg,Munich
Munich/00000163.jpg,Munich
Munich/00000157.jpg,Munich
Munich/00000078.jpg,Munich
Munich/00000131.jpg,Munich
Munich/00000123.jpg,Munich
Munich/00000098.jpg,Munich
Munich/00000177.jpg,Munich
Berlin/00000045.jpg,Berlin
Berlin/00000047.jpg,Berlin
Berlin/00000195.jpg,Berlin
Berlin/00000132.jpg,Berlin
Berlin/00000084.jpg,Berlin
Berlin/00000029.jpg,Berlin
Berlin/00000043.jpg,Berlin
Berlin/00000063.jpg,Berlin
Berlin/00000067.jpg,Berlin
Berlin/00000065.jpg,Berlin
Berlin/00000046.jpg,Berlin
Berlin/00000166.jpg,Berlin
Berlin/00000004.jpg,Berlin
Berlin/00000057.jpg,Berlin
Berlin/00000016.jpg,Berlin
Berlin/00000081.jpg,Berlin
Berlin/00000000.jpg,Berlin
Berlin/00000032.jpg,Berlin
Berlin/00000190.jpg,Berlin
Berlin/00000082.jpg,Berlin
Berlin/00000035.jpg,Berlin
Berlin/00000007.jpg,Berlin
Berlin/00000019.jpg,Berlin
Berlin/00000170.jpg,Berlin
Berlin/00000018.jpg,Berlin
Berlin/00000199.jpg,Berlin
Berlin/00000189.jpg,Berlin
Berlin/00000122.jpg,Berlin
Berlin/00000027.jpg,Berlin
Berlin/00000009.jpg,Berlin
Berlin/00000144.jpg,Berlin
Berlin/00000024.jpg,Berlin
Berlin/00000083.jpg,Berlin
Berlin/00000087.jpg,Berlin
Berlin/00000181.jpg,Berlin
Berlin/00000176.jpg,Berlin
Berlin/00000023.jpg,Berlin
Berlin/00000152.jpg,Berlin
Berlin/00000060.jpg,Berlin
Berlin/00000091.jpg,Berlin
Berlin/00000095.jpg,Berlin
Berlin/00000135.jpg,Berlin
Berlin/00000077.jpg,Berlin
Berlin/00000141.jpg,Berlin
Berlin/00000056.jpg,Berlin
Berlin/00000048.jpg,Berlin
Berlin/00000124.jpg,Berlin
Berlin/00000034.jpg,Berlin
Berlin/00000058.jpg,Berlin
Berlin/00000012.jpg,Berlin
Berlin/00000193.jpg,Berlin
Berlin/00000156.jpg,Berlin
Berlin/00000090.jpg,Berlin
Berlin/00000037.jpg,Berlin
Berlin/00000053.jpg,Berlin
Berlin/00000066.jpg,Berlin
Berlin/00000136.jpg,Berlin
Berlin/00000148.jpg,Berlin
Berlin/00000092.jpg,Berlin
Berlin/00000022.jpg,Berlin
Berlin/00000192.jpg,Berlin
Berlin/00000021.jpg,Berlin
Berlin/00000074.jpg,Berlin
Berlin/00000071.jpg,Berlin
Berlin/00000159.jpg,Berlin
Berlin/00000011.jpg,Berlin
Berlin/00000153.jpg,Berlin
Berlin/00000061.jpg,Berlin
Berlin/00000038.jpg,Berlin
Berlin/00000129.jpg,Berlin
Berlin/00000149.jpg,Berlin
Berlin/00000010.jpg,Berlin
Berlin/00000194.jpg,Berlin
Berlin/00000184.jpg,Berlin
Berlin/00000185.jpg,Berlin
Berlin/00000025.jpg,Berlin
Berlin/00000064.jpg,Berlin
Berlin/00000165.jpg,Berlin
Berlin/00000039.jpg,Berlin
Berlin/00000145.jpg,Berlin
Berlin/00000072.jpg,Berlin
Berlin/00000126.jpg,Berlin
Berlin/00000171.jpg,Berlin
Berlin/00000044.jpg,Berlin
Berlin/00000174.jpg,Berlin
Berlin/00000188.jpg,Berlin
Berlin/00000134.jpg,Berlin
Berlin/00000002.jpg,Berlin
Berlin/00000013.jpg,Berlin
Berlin/00000073.jpg,Berlin
Berlin/00000014.jpg,Berlin
Berlin/00000030.jpg,Berlin
Berlin/00000094.jpg,Berlin
Berlin/00000075.jpg,Berlin
Berlin/00000158.jpg,Berlin
Berlin/00000076.jpg,Berlin
Berlin/00000069.jpg,Berlin
Berlin/00000097.jpg,Berlin
Berlin/00000186.jpg,Berlin
Berlin/00000191.jpg,Berlin
Berlin/00000133.jpg,Berlin
Berlin/00000162.jpg,Berlin
Berlin/00000093.jpg,Berlin
Berlin/00000033.jpg,Berlin
Berlin/00000001.jpg,Berlin
Berlin/00000154.jpg,Berlin
Berlin/00000054.jpg,Berlin
Berlin/00000155.jpg,Berlin
Berlin/00000196.jpg,Berlin
Berlin/00000180.jpg,Berlin
Berlin/00000121.jpg,Berlin
Berlin/00000042.jpg,Berlin
Berlin/00000062.jpg,Berlin
Berlin/00000127.jpg,Berlin
Berlin/00000139.jpg,Berlin
Berlin/00000006.jpg,Berlin
Berlin/00000015.jpg,Berlin
Berlin/00000128.jpg,Berlin
Berlin/00000028.jpg,Berlin
Berlin/00000175.jpg,Berlin
Berlin/00000197.jpg,Berlin
Berlin/00000125.jpg,Berlin
Berlin/00000080.jpg,Berlin
Berlin/00000183.jpg,Berlin
Berlin/00000173.jpg,Berlin
Berlin/00000182.jpg,Berlin
Berlin/00000041.jpg,Berlin
Berlin/00000172.jpg,Berlin
Berlin/00000086.jpg,Berlin
Berlin/00000179.jpg,Berlin
Berlin/00000130.jpg,Berlin
Berlin/00000178.jpg,Berlin
Berlin/00000143.jpg,Berlin
Berlin/00000088.jpg,Berlin
Berlin/00000161.jpg,Berlin
Berlin/00000049.jpg,Berlin
Berlin/00000003.jpg,Berlin
Berlin/00000026.jpg,Berlin
Berlin/00000068.jpg,Berlin
Berlin/00000147.jpg,Berlin
Berlin/00000160.jpg,Berlin
Berlin/00000079.jpg,Berlin
Berlin/00000017.jpg,Berlin
Berlin/00000036.jpg,Berlin
Berlin/00000168.jpg,Berlin
Berlin/00000099.jpg,Berlin
Berlin/00000169.jpg,Berlin
Berlin/00000187.jpg,Berlin
Berlin/00000055.jpg,Berlin
Berlin/00000050.jpg,Berlin
Berlin/00000164.jpg,Berlin
Berlin/00000085.jpg,Berlin
Berlin/00000089.jpg,Berlin
Berlin/00000120.jpg,Berlin
Berlin/00000059.jpg,Berlin
Berlin/00000146.jpg,Berlin
Berlin/00000020.jpg,Berlin
Berlin/00000198.jpg,Berlin
Berlin/00000070.jpg,Berlin
Berlin/00000052.jpg,Berlin
Berlin/00000051.jpg,Berlin
Berlin/00000151.jpg,Berlin
Berlin/00000138.jpg,Berlin
Berlin/00000008.jpg,Berlin
Berlin/00000140.jpg,Berlin
Berlin/00000031.jpg,Berlin
Berlin/00000005.jpg,Berlin
Berlin/00000167.jpg,Berlin
Berlin/00000096.jpg,Berlin
Berlin/00000040.jpg,Berlin
Berlin/00000142.jpg,Berlin
Berlin/00000137.jpg,Berlin
Berlin/00000150.jpg,Berlin
Berlin/00000163.jpg,Berlin
Berlin/00000157.jpg,Berlin
Berlin/00000078.jpg,Berlin
Berlin/00000131.jpg,Berlin
Berlin/00000123.jpg,Berlin
Berlin/00000098.jpg,Berlin
Berlin/00000177.jpg,Berlin
